BEGIN TRANSACTION;
CREATE TABLE "auth_group" ("id" integer NOT NULL PRIMARY KEY AUTOINCREMENT, "name" varchar(150) NOT NULL UNIQUE);
CREATE TABLE "auth_group_permissions" ("id" integer NOT NULL PRIMARY KEY AUTOINCREMENT, "group_id" integer NOT NULL REFERENCES "auth_group" ("id") DEFERRABLE INITIALLY DEFERRED, "permission_id" integer NOT NULL REFERENCES "auth_permission" ("id") DEFERRABLE INITIALLY DEFERRED);
CREATE TABLE "auth_permission" ("id" integer NOT NULL PRIMARY KEY AUTOINCREMENT, "content_type_id" integer NOT NULL REFERENCES "django_content_type" ("id") DEFERRABLE INITIALLY DEFERRED, "codename" varchar(100) NOT NULL, "name" varchar(255) NOT NULL);
INSERT INTO "auth_permission" VALUES(1,1,'add_logentry','Can add log entry');
INSERT INTO "auth_permission" VALUES(2,1,'change_logentry','Can change log entry');
INSERT INTO "auth_permission" VALUES(3,1,'delete_logentry','Can delete log entry');
INSERT INTO "auth_permission" VALUES(4,1,'view_logentry','Can view log entry');
INSERT INTO "auth_permission" VALUES(5,2,'add_permission','Can add permission');
INSERT INTO "auth_permission" VALUES(6,2,'change_permission','Can change permission');
INSERT INTO "auth_permission" VALUES(7,2,'delete_permission','Can delete permission');
INSERT INTO "auth_permission" VALUES(8,2,'view_permission','Can view permission');
INSERT INTO "auth_permission" VALUES(9,3,'add_group','Can add group');
INSERT INTO "auth_permission" VALUES(10,3,'change_group','Can change group');
INSERT INTO "auth_permission" VALUES(11,3,'delete_group','Can delete group');
INSERT INTO "auth_permission" VALUES(12,3,'view_group','Can view group');
INSERT INTO "auth_permission" VALUES(13,4,'add_user','Can add user');
INSERT INTO "auth_permission" VALUES(14,4,'change_user','Can change user');
INSERT INTO "auth_permission" VALUES(15,4,'delete_user','Can delete user');
INSERT INTO "auth_permission" VALUES(16,4,'view_user','Can view user');
INSERT INTO "auth_permission" VALUES(17,5,'add_contenttype','Can add content type');
INSERT INTO "auth_permission" VALUES(18,5,'change_contenttype','Can change content type');
INSERT INTO "auth_permission" VALUES(19,5,'delete_contenttype','Can delete content type');
INSERT INTO "auth_permission" VALUES(20,5,'view_contenttype','Can view content type');
INSERT INTO "auth_permission" VALUES(21,6,'add_session','Can add session');
INSERT INTO "auth_permission" VALUES(22,6,'change_session','Can change session');
INSERT INTO "auth_permission" VALUES(23,6,'delete_session','Can delete session');
INSERT INTO "auth_permission" VALUES(24,6,'view_session','Can view session');
INSERT INTO "auth_permission" VALUES(25,7,'add_book','Can add book');
INSERT INTO "auth_permission" VALUES(26,7,'change_book','Can change book');
INSERT INTO "auth_permission" VALUES(27,7,'delete_book','Can delete book');
INSERT INTO "auth_permission" VALUES(28,7,'view_book','Can view book');
INSERT INTO "auth_permission" VALUES(29,8,'add_favorite','Can add favorite');
INSERT INTO "auth_permission" VALUES(30,8,'change_favorite','Can change favorite');
INSERT INTO "auth_permission" VALUES(31,8,'delete_favorite','Can delete favorite');
INSERT INTO "auth_permission" VALUES(32,8,'view_favorite','Can view favorite');
INSERT INTO "auth_permission" VALUES(33,9,'add_rental','Can add rental');
INSERT INTO "auth_permission" VALUES(34,9,'change_rental','Can change rental');
INSERT INTO "auth_permission" VALUES(35,9,'delete_rental','Can delete rental');
INSERT INTO "auth_permission" VALUES(36,9,'view_rental','Can view rental');
CREATE TABLE "auth_user" ("id" integer NOT NULL PRIMARY KEY AUTOINCREMENT, "password" varchar(128) NOT NULL, "last_login" datetime NULL, "is_superuser" bool NOT NULL, "username" varchar(150) NOT NULL UNIQUE, "last_name" varchar(150) NOT NULL, "email" varchar(254) NOT NULL, "is_staff" bool NOT NULL, "is_active" bool NOT NULL, "date_joined" datetime NOT NULL, "first_name" varchar(150) NOT NULL);
INSERT INTO "auth_user" VALUES(1,'pbkdf2_sha256$1000000$sFcMMTukmkvuU8D0EYoqO8$J8pMggSR7jaEJjbA+Y41Cy/5ysT7ypKWpn0FN5Vsz1k=','2025-08-11 10:45:25.296957',1,'root','','',1,1,'2025-08-11 10:45:12.771673','');
CREATE TABLE "auth_user_groups" ("id" integer NOT NULL PRIMARY KEY AUTOINCREMENT, "user_id" integer NOT NULL REFERENCES "auth_user" ("id") DEFERRABLE INITIALLY DEFERRED, "group_id" integer NOT NULL REFERENCES "auth_group" ("id") DEFERRABLE INITIALLY DEFERRED);
CREATE TABLE "auth_user_user_permissions" ("id" integer NOT NULL PRIMARY KEY AUTOINCREMENT, "user_id" integer NOT NULL REFERENCES "auth_user" ("id") DEFERRABLE INITIALLY DEFERRED, "permission_id" integer NOT NULL REFERENCES "auth_permission" ("id") DEFERRABLE INITIALLY DEFERRED);
CREATE TABLE "django_admin_log" ("id" integer NOT NULL PRIMARY KEY AUTOINCREMENT, "object_id" text NULL, "object_repr" varchar(200) NOT NULL, "action_flag" smallint unsigned NOT NULL CHECK ("action_flag" >= 0), "change_message" text NOT NULL, "content_type_id" integer NULL REFERENCES "django_content_type" ("id") DEFERRABLE INITIALLY DEFERRED, "user_id" integer NOT NULL REFERENCES "auth_user" ("id") DEFERRABLE INITIALLY DEFERRED, "action_time" datetime NOT NULL);
INSERT INTO "django_admin_log" VALUES(1,'1','Овод (Этель Лилиан Войнич)',1,'[{"added": {}}]',7,1,'2025-08-11 10:47:56.969707');
INSERT INTO "django_admin_log" VALUES(2,'2','Три Товараща (Эрих Мария Ремарк)',1,'[{"added": {}}]',7,1,'2025-08-11 10:55:45.778327');
INSERT INTO "django_admin_log" VALUES(3,'1','Овод (Этель Лилиан Войнич)',2,'[{"changed": {"fields": ["\u041e\u0431\u043b\u043e\u0436\u043a\u0430 \u043a\u043d\u0438\u0433\u0438"]}}]',7,1,'2025-08-11 10:58:50.143497');
INSERT INTO "django_admin_log" VALUES(4,'3','Отверженные (Виктор Гюго)',1,'[{"added": {}}]',7,1,'2025-08-11 11:02:58.023747');
INSERT INTO "django_admin_log" VALUES(5,'4','Граф Монте-Кристо (Александр Дюма)',1,'[{"added": {}}]',7,1,'2025-08-11 11:06:10.106102');
INSERT INTO "django_admin_log" VALUES(6,'4','Граф Монте-Кристо (Александр Дюма)',2,'[{"changed": {"fields": ["\u041e\u0431\u043b\u043e\u0436\u043a\u0430 \u043a\u043d\u0438\u0433\u0438"]}}]',7,1,'2025-08-11 11:07:24.663322');
INSERT INTO "django_admin_log" VALUES(7,'1','Овод (Этель Лилиан Войнич)',2,'[{"changed": {"fields": ["Status"]}}]',7,1,'2025-08-11 11:14:53.864778');
INSERT INTO "django_admin_log" VALUES(8,'4','Граф Монте-Кристо (Александр Дюма)',2,'[{"changed": {"fields": ["Status"]}}]',7,1,'2025-08-11 11:43:27.470033');
INSERT INTO "django_admin_log" VALUES(9,'5','Ночь в Лиссабоне (Эриха Мария Ремарка)',1,'[{"added": {}}]',7,1,'2025-08-11 11:48:56.857668');
INSERT INTO "django_admin_log" VALUES(10,'4','Граф Монте-Кристо (Александр Дюма)',2,'[{"changed": {"fields": ["\u041a\u0430\u0442\u0435\u0433\u043e\u0440\u0438\u044f"]}}]',7,1,'2025-08-11 11:54:05.901042');
INSERT INTO "django_admin_log" VALUES(11,'5','Ночь в Лиссабоне (Эриха Мария Ремарка)',2,'[{"changed": {"fields": ["Status"]}}]',7,1,'2025-08-11 12:09:04.794552');
INSERT INTO "django_admin_log" VALUES(12,'5','Ночь в Лиссабоне (Эриха Мария Ремарка)',2,'[{"changed": {"fields": ["Status"]}}]',7,1,'2025-08-11 12:12:31.569671');
INSERT INTO "django_admin_log" VALUES(13,'1','Овод (Этель Лилиан Войнич)',2,'[{"changed": {"fields": ["Status"]}}]',7,1,'2025-08-11 12:13:42.088771');
INSERT INTO "django_admin_log" VALUES(14,'2','Три Товараща (Эрих Мария Ремарк)',2,'[{"changed": {"fields": ["Status"]}}]',7,1,'2025-08-11 12:16:48.325024');
INSERT INTO "django_admin_log" VALUES(15,'3','Отверженные (Виктор Гюго)',2,'[{"changed": {"fields": ["Status"]}}]',7,1,'2025-08-11 12:16:51.044925');
INSERT INTO "django_admin_log" VALUES(16,'5','Ночь в Лиссабоне (Эриха Мария Ремарка)',2,'[{"changed": {"fields": ["Status"]}}]',7,1,'2025-08-11 12:28:06.763500');
CREATE TABLE "django_content_type" ("id" integer NOT NULL PRIMARY KEY AUTOINCREMENT, "app_label" varchar(100) NOT NULL, "model" varchar(100) NOT NULL);
INSERT INTO "django_content_type" VALUES(1,'admin','logentry');
INSERT INTO "django_content_type" VALUES(2,'auth','permission');
INSERT INTO "django_content_type" VALUES(3,'auth','group');
INSERT INTO "django_content_type" VALUES(4,'auth','user');
INSERT INTO "django_content_type" VALUES(5,'contenttypes','contenttype');
INSERT INTO "django_content_type" VALUES(6,'sessions','session');
INSERT INTO "django_content_type" VALUES(7,'webapp','book');
INSERT INTO "django_content_type" VALUES(8,'webapp','favorite');
INSERT INTO "django_content_type" VALUES(9,'webapp','rental');
CREATE TABLE "django_migrations" ("id" integer NOT NULL PRIMARY KEY AUTOINCREMENT, "app" varchar(255) NOT NULL, "name" varchar(255) NOT NULL, "applied" datetime NOT NULL);
INSERT INTO "django_migrations" VALUES(1,'contenttypes','0001_initial','2025-08-11 10:39:48.616890');
INSERT INTO "django_migrations" VALUES(2,'auth','0001_initial','2025-08-11 10:39:48.628147');
INSERT INTO "django_migrations" VALUES(3,'admin','0001_initial','2025-08-11 10:39:48.636180');
INSERT INTO "django_migrations" VALUES(4,'admin','0002_logentry_remove_auto_add','2025-08-11 10:39:48.644182');
INSERT INTO "django_migrations" VALUES(5,'admin','0003_logentry_add_action_flag_choices','2025-08-11 10:39:48.650171');
INSERT INTO "django_migrations" VALUES(6,'contenttypes','0002_remove_content_type_name','2025-08-11 10:39:48.658786');
INSERT INTO "django_migrations" VALUES(7,'auth','0002_alter_permission_name_max_length','2025-08-11 10:39:48.668301');
INSERT INTO "django_migrations" VALUES(8,'auth','0003_alter_user_email_max_length','2025-08-11 10:39:48.675032');
INSERT INTO "django_migrations" VALUES(9,'auth','0004_alter_user_username_opts','2025-08-11 10:39:48.680253');
INSERT INTO "django_migrations" VALUES(10,'auth','0005_alter_user_last_login_null','2025-08-11 10:39:48.687229');
INSERT INTO "django_migrations" VALUES(11,'auth','0006_require_contenttypes_0002','2025-08-11 10:39:48.691646');
INSERT INTO "django_migrations" VALUES(12,'auth','0007_alter_validators_add_error_messages','2025-08-11 10:39:48.697648');
INSERT INTO "django_migrations" VALUES(13,'auth','0008_alter_user_username_max_length','2025-08-11 10:39:48.705916');
INSERT INTO "django_migrations" VALUES(14,'auth','0009_alter_user_last_name_max_length','2025-08-11 10:39:48.712768');
INSERT INTO "django_migrations" VALUES(15,'auth','0010_alter_group_name_max_length','2025-08-11 10:39:48.719861');
INSERT INTO "django_migrations" VALUES(16,'auth','0011_update_proxy_permissions','2025-08-11 10:39:48.726022');
INSERT INTO "django_migrations" VALUES(17,'auth','0012_alter_user_first_name_max_length','2025-08-11 10:39:48.732255');
INSERT INTO "django_migrations" VALUES(18,'sessions','0001_initial','2025-08-11 10:39:48.741908');
INSERT INTO "django_migrations" VALUES(19,'webapp','0001_initial','2025-08-11 10:39:48.761573');
INSERT INTO "django_migrations" VALUES(20,'webapp','0002_alter_rental_end_date','2025-08-11 11:19:23.579832');
INSERT INTO "django_migrations" VALUES(21,'webapp','0003_remove_book_is_available','2025-08-11 11:45:47.133393');
CREATE TABLE "django_session" ("session_key" varchar(40) NOT NULL PRIMARY KEY, "session_data" text NOT NULL, "expire_date" datetime NOT NULL);
INSERT INTO "django_session" VALUES('q0lzjao3xrcau7mxttoo8rkki6immug6','.eJxVjEsOwjAMBe-SNYpI2iY2S_acIbJjQwookfpZIe4OlbqA7ZuZ9zKJ1qWkddYpjWJOxpnD78aUH1o3IHeqt2Zzq8s0st0Uu9PZXpro87y7fweF5vKtWYkIIHO8okgEHnCILvfuqJ0oAmoAdoisAK7HIOTZ5y4E77AbAMz7AwRFN80:1ulQ1t:KKnbJmxOgEC79v_cjx0MEx1dX4uTu4QkyU0JOy4UZP4','2025-08-25 10:45:25.299957');
DELETE FROM "sqlite_sequence";
INSERT INTO "sqlite_sequence" VALUES('django_migrations',21);
INSERT INTO "sqlite_sequence" VALUES('django_admin_log',16);
INSERT INTO "sqlite_sequence" VALUES('django_content_type',9);
INSERT INTO "sqlite_sequence" VALUES('auth_permission',36);
INSERT INTO "sqlite_sequence" VALUES('auth_group',0);
INSERT INTO "sqlite_sequence" VALUES('auth_user',1);
INSERT INTO "sqlite_sequence" VALUES('webapp_book',5);
INSERT INTO "sqlite_sequence" VALUES('webapp_rental',21);
CREATE TABLE "webapp_book" ("id" integer NOT NULL PRIMARY KEY AUTOINCREMENT, "avatar" varchar(100) NULL, "title" varchar(100) NOT NULL, "author_name" varchar(100) NOT NULL, "category" varchar(50) NOT NULL, "year" integer unsigned NOT NULL CHECK ("year" >= 0), "price" decimal NOT NULL, "status" varchar(10) NOT NULL, "created_at" datetime NOT NULL, "uploader_id" integer NOT NULL REFERENCES "auth_user" ("id") DEFERRABLE INITIALLY DEFERRED);
INSERT INTO "webapp_book" VALUES(1,'books/images/10370548_0.jpg','Овод','Этель Лилиан Войнич','Роман',1897,2000,'sold','2025-08-11 10:47:56.968829',1);
INSERT INTO "webapp_book" VALUES(2,'books/images/3734860.jpg','Три Товараща','Эрих Мария Ремарк','Военная проза, Роман, Фикшн',1936,2200,'rented','2025-08-11 10:55:45.777331',1);
INSERT INTO "webapp_book" VALUES(3,'books/images/6887843771.jpg','Отверженные','Виктор Гюго','Роман',1862,3000,'rented','2025-08-11 11:02:58.023747',1);
INSERT INTO "webapp_book" VALUES(4,'books/images/101026995_0.jpg','Граф Монте-Кристо','Александр Дюма','Приключенческий Роман',1846,2200,'rented','2025-08-11 11:06:10.105102',1);
INSERT INTO "webapp_book" VALUES(5,'books/images/images.jpg','Ночь в Лиссабоне','Эриха Мария Ремарка','Роман',1962,2000,'rented','2025-08-11 11:48:56.857668',1);
CREATE TABLE "webapp_favorite" ("id" integer NOT NULL PRIMARY KEY AUTOINCREMENT, "added_at" datetime NOT NULL, "book_id" bigint NOT NULL REFERENCES "webapp_book" ("id") DEFERRABLE INITIALLY DEFERRED, "user_id" integer NOT NULL REFERENCES "auth_user" ("id") DEFERRABLE INITIALLY DEFERRED);
CREATE TABLE "webapp_rental" ("id" integer NOT NULL PRIMARY KEY AUTOINCREMENT, "rental_period" varchar(10) NOT NULL, "start_date" datetime NOT NULL, "is_active" bool NOT NULL, "book_id" bigint NOT NULL REFERENCES "webapp_book" ("id") DEFERRABLE INITIALLY DEFERRED, "user_id" integer NOT NULL REFERENCES "auth_user" ("id") DEFERRABLE INITIALLY DEFERRED, "end_date" datetime NULL);
INSERT INTO "webapp_rental" VALUES(1,'1month','2025-08-11 11:33:01.510217',1,4,1,'2025-09-10 11:33:01.510217');
INSERT INTO "webapp_rental" VALUES(2,'1month','2025-08-11 11:33:49.028709',1,4,1,'2025-09-10 11:33:49.028709');
INSERT INTO "webapp_rental" VALUES(3,'1month','2025-08-11 11:34:09.828545',1,4,1,'2025-09-10 11:34:09.828545');
INSERT INTO "webapp_rental" VALUES(4,'1month','2025-08-11 11:37:15.716333',1,2,1,'2025-09-10 11:37:15.716333');
INSERT INTO "webapp_rental" VALUES(5,'1month','2025-08-11 11:37:20.300201',1,3,1,'2025-09-10 11:37:20.300201');
INSERT INTO "webapp_rental" VALUES(6,'2weeks','2025-08-11 11:37:58.284537',1,1,1,'2025-08-25 11:37:58.284537');
INSERT INTO "webapp_rental" VALUES(7,'1month','2025-08-11 11:40:57.071596',1,2,1,'2025-09-10 11:40:57.071596');
INSERT INTO "webapp_rental" VALUES(8,'1month','2025-08-11 11:43:15.125318',1,4,1,'2025-09-10 11:43:15.125318');
INSERT INTO "webapp_rental" VALUES(9,'1month','2025-08-11 11:45:57.979293',1,4,1,'2025-09-10 11:45:57.979293');
INSERT INTO "webapp_rental" VALUES(10,'1month','2025-08-11 11:49:03.368058',1,5,1,'2025-09-10 11:49:03.368058');
INSERT INTO "webapp_rental" VALUES(11,'2weeks','2025-08-11 11:52:56.389249',1,3,1,'2025-08-25 11:52:56.389249');
INSERT INTO "webapp_rental" VALUES(12,'1month','2025-08-11 11:53:01.973085',1,4,1,'2025-09-10 11:53:01.973085');
INSERT INTO "webapp_rental" VALUES(13,'3months','2025-08-11 12:01:06.467575',1,5,1,'2025-11-09 12:01:06.467575');
INSERT INTO "webapp_rental" VALUES(14,'1month','2025-08-11 12:09:10.544971',1,5,1,'2025-09-10 12:09:10.544971');
INSERT INTO "webapp_rental" VALUES(15,'2weeks','2025-08-11 12:12:36.716510',1,5,1,'2025-08-25 12:12:36.716510');
INSERT INTO "webapp_rental" VALUES(16,'3months','2025-08-11 12:14:35.119135',1,2,1,'2025-11-09 12:14:35.119135');
INSERT INTO "webapp_rental" VALUES(17,'2weeks','2025-08-11 12:16:00.354814',1,2,1,'2025-08-25 12:16:00.354814');
INSERT INTO "webapp_rental" VALUES(18,'3months','2025-08-11 12:16:15.971359',1,2,1,'2025-11-09 12:16:15.971359');
INSERT INTO "webapp_rental" VALUES(19,'1month','2025-08-11 12:16:56.572212',1,3,1,'2025-09-10 12:16:56.572212');
INSERT INTO "webapp_rental" VALUES(20,'1month','2025-08-11 12:18:05.790916',1,2,1,'2025-09-10 12:18:05.790916');
INSERT INTO "webapp_rental" VALUES(21,'1month','2025-08-11 12:28:12.536705',1,5,1,'2025-09-10 12:28:12.536705');
CREATE UNIQUE INDEX "auth_group_permissions_group_id_permission_id_0cd325b0_uniq" ON "auth_group_permissions" ("group_id", "permission_id");
CREATE INDEX "auth_group_permissions_group_id_b120cbf9" ON "auth_group_permissions" ("group_id");
CREATE INDEX "auth_group_permissions_permission_id_84c5c92e" ON "auth_group_permissions" ("permission_id");
CREATE UNIQUE INDEX "auth_user_groups_user_id_group_id_94350c0c_uniq" ON "auth_user_groups" ("user_id", "group_id");
CREATE INDEX "auth_user_groups_user_id_6a12ed8b" ON "auth_user_groups" ("user_id");
CREATE INDEX "auth_user_groups_group_id_97559544" ON "auth_user_groups" ("group_id");
CREATE UNIQUE INDEX "auth_user_user_permissions_user_id_permission_id_14a6b632_uniq" ON "auth_user_user_permissions" ("user_id", "permission_id");
CREATE INDEX "auth_user_user_permissions_user_id_a95ead1b" ON "auth_user_user_permissions" ("user_id");
CREATE INDEX "auth_user_user_permissions_permission_id_1fbb5f2c" ON "auth_user_user_permissions" ("permission_id");
CREATE INDEX "django_admin_log_content_type_id_c4bce8eb" ON "django_admin_log" ("content_type_id");
CREATE INDEX "django_admin_log_user_id_c564eba6" ON "django_admin_log" ("user_id");
CREATE UNIQUE INDEX "django_content_type_app_label_model_76bd3d3b_uniq" ON "django_content_type" ("app_label", "model");
CREATE UNIQUE INDEX "auth_permission_content_type_id_codename_01ab375a_uniq" ON "auth_permission" ("content_type_id", "codename");
CREATE INDEX "auth_permission_content_type_id_2f476e4b" ON "auth_permission" ("content_type_id");
CREATE INDEX "django_session_expire_date_a5c62663" ON "django_session" ("expire_date");
CREATE UNIQUE INDEX "webapp_favorite_user_id_book_id_e3020115_uniq" ON "webapp_favorite" ("user_id", "book_id");
CREATE INDEX "webapp_favorite_book_id_d2bd3422" ON "webapp_favorite" ("book_id");
CREATE INDEX "webapp_favorite_user_id_6cebe7b1" ON "webapp_favorite" ("user_id");
CREATE INDEX "webapp_book_uploader_id_51c19d88" ON "webapp_book" ("uploader_id");
CREATE INDEX "webapp_rental_book_id_0766e386" ON "webapp_rental" ("book_id");
CREATE INDEX "webapp_rental_user_id_3e84ba80" ON "webapp_rental" ("user_id");
COMMIT;
